index,iso_code,continent,location,date,total_cases,new_cases,new_cases_smoothed,total_deaths,new_deaths,new_deaths_smoothed,total_cases_per_million,new_cases_per_million,new_cases_smoothed_per_million,total_deaths_per_million,new_deaths_per_million,new_deaths_smoothed_per_million,reproduction_rate,icu_patients,icu_patients_per_million,hosp_patients,hosp_patients_per_million,weekly_icu_admissions,weekly_icu_admissions_per_million,weekly_hosp_admissions,weekly_hosp_admissions_per_million,new_tests,total_tests,total_tests_per_thousand,new_tests_per_thousand,new_tests_smoothed,new_tests_smoothed_per_thousand,positive_rate,tests_per_case,tests_units,total_vaccinations,people_vaccinated,people_fully_vaccinated,total_boosters,new_vaccinations,new_vaccinations_smoothed,total_vaccinations_per_hundred,people_vaccinated_per_hundred,people_fully_vaccinated_per_hundred,total_boosters_per_hundred,new_vaccinations_smoothed_per_million,stringency_index,population,population_density,median_age,aged_65_older,aged_70_older,gdp_per_capita,extreme_poverty,cardiovasc_death_rate,diabetes_prevalence,female_smokers,male_smokers,handwashing_facilities,hospital_beds_per_thousand,life_expectancy,human_development_index,excess_mortality_cumulative_absolute,excess_mortality_cumulative,excess_mortality,excess_mortality_cumulative_per_million
627,AFG,Asia,Afghanistan,2021-11-12,156487.0,31.0,13.571,7292.0,0.0,1.143,3928.337,0.778,0.341,183.053,0.0,0.029,,,,,,,,,,,,,,,,,,,,,,,,,,,,,,,39835428.0,54.422,18.6,2.581,1.337,1803.987,,597.029,9.59,,,37.746,0.5,64.83,0.511,,,,
1893,ALB,Europe,Albania,2021-11-12,192013.0,573.0,574.143,2983.0,5.0,5.0,66835.159,199.448,199.845,1038.311,1.74,1.74,,,,,,,,,,,,,,,,,,,,,,,,,,,,,,,2872934.0,104.871,38.0,13.188,8.643,11803.431,1.1,304.195,10.08,7.1,51.2,,2.89,78.57,0.795,,,,
2520,DZA,Africa,Algeria,2021-11-12,207764.0,140.0,109.857,5971.0,5.0,4.571,4656.65,3.138,2.462,133.829,0.112,0.102,,,,,,,,,,,,,,,,,,,,,,,,,,,,,,,44616626.0,17.348,29.1,6.211,3.857,13913.839,0.5,278.364,6.73,0.7,30.4,83.741,1.9,76.88,0.748,,,,
3141,AND,Europe,Andorra,2021-11-12,15819.0,75.0,28.714,130.0,0.0,0.0,204501.383,969.568,371.206,1680.585,0.0,0.0,,,,,,,,,,,,,,,,,,,,,,,,,,,,,,,77354.0,163.755,,,,,,109.135,7.97,29.0,37.8,,,83.73,0.868,,,,
3744,AGO,Africa,Angola,2021-11-12,64875.0,18.0,37.571,1726.0,1.0,1.0,1911.821,0.53,1.107,50.864,0.029,0.029,,,,,,,,,,,,,,,,,,,,,,,,,,,,,,,33933611.0,23.89,16.8,2.405,1.362,5819.495,,276.045,3.94,,,26.664,,61.15,0.581,,,,
4026,AIA,North America,Anguilla,2021-11-12,,,,,,,,,,,,,,,,,,,,,,,,,,,,,,,18782.0,9624.0,9158.0,,,11.0,124.18,63.63,60.55,,727.0,,15125.0,,,,,,,,,,,,,81.88,,,,,
4636,ATG,North America,Antigua and Barbuda,2021-11-12,4106.0,4.0,4.0,106.0,1.0,0.286,41589.012,40.515,40.515,1073.657,10.129,2.894,,,,,,,,,,,,,,,,,,,,,,,,,,,,,,,98728.0,231.845,32.1,6.933,4.631,21490.943,,191.511,13.17,,,,3.8,77.02,0.778,,,,
5318,ARG,South America,Argentina,2021-11-12,5304059.0,1614.0,1257.0,116222.0,13.0,19.857,116302.232,35.39,27.562,2548.403,0.285,0.435,,,,,,,,,,,,,,,,,,,62598352.0,35629676.0,27090784.0,,195516.0,204775.0,137.26,78.13,59.4,,4490.0,,45605823.0,16.177,31.9,11.198,7.441,18933.907,0.6,191.032,5.5,16.2,27.7,,5.0,76.67,0.845,,,,
5940,ARM,Asia,Armenia,2021-11-12,326830.0,1309.0,1427.286,6937.0,70.0,50.714,110113.176,441.019,480.871,2337.163,23.584,17.086,,,,,,,,,,,,,,,,,,,,,,,,,,,,,,,2968128.0,102.931,35.7,11.232,7.571,8787.58,1.8,341.01,7.11,1.5,52.1,94.043,4.2,75.09,0.776,,,,
6169,ABW,North America,Aruba,2021-11-12,,,,,,,,,,,,,,,,,,,,,,,,,,,,,,,160561.0,83183.0,77378.0,,123.0,78.0,149.78,77.6,72.18,,728.0,,107195.0,584.8,41.2,13.085,7.452,35973.781,,,11.62,,,,,76.29,,,,,
7487,AUS,Oceania,Australia,2021-11-12,188493.0,1452.0,1366.571,1877.0,4.0,10.286,7309.268,56.305,52.992,72.785,0.155,0.399,,,,,,,,,,,,,,,,,,,37544059.0,19514381.0,17778385.0,251293.0,160104.0,138279.0,145.59,75.67,68.94,0.97,5362.0,,25788217.0,3.202,37.9,15.504,10.129,44648.71,0.5,107.791,5.07,13.0,16.5,,3.84,83.44,0.944,,,,
8114,AUT,Europe,Austria,2021-11-12,934948.0,11798.0,9936.857,11641.0,40.0,27.143,103388.318,1304.645,1098.836,1287.284,4.423,3.002,,,,,,,,,,445216.0,102608572.0,11346.65,49.233,452326.0,50.019,,,tests performed,12146922.0,6083717.0,5725245.0,672790.0,88712.0,59778.0,134.32,67.27,63.31,7.44,6610.0,,9043072.0,106.749,44.4,19.202,13.748,45436.686,0.7,145.183,6.35,28.4,30.9,,7.37,81.54,0.922,,,,
8736,AZE,Asia,Azerbaijan,2021-11-12,556430.0,2334.0,2040.0,7397.0,25.0,27.0,54427.397,228.301,199.543,723.54,2.445,2.641,,,,,,,,,,,,,,,,,,,10021688.0,5012689.0,4464036.0,544963.0,38082.0,29812.0,98.03,49.03,43.67,5.33,2916.0,,10223344.0,119.309,32.4,6.018,3.871,15847.419,,559.812,7.11,0.3,42.5,83.241,4.7,73.0,0.756,,,,
9343,BHS,North America,Bahamas,2021-11-12,22572.0,20.0,12.429,665.0,0.0,1.143,56868.742,50.389,31.313,1675.426,0.0,2.879,,,,,,,,,,,,,,,,,,,,,,,,,,,,,,,396914.0,39.497,34.3,8.996,5.2,27717.847,,235.954,13.17,3.1,20.4,,2.9,73.92,0.814,,,,
9971,BHR,Asia,Bahrain,2021-11-12,277184.0,19.0,24.714,1393.0,0.0,0.0,158545.326,10.868,14.136,796.776,0.0,0.0,,,,,,,,,,,,,,,,,,,2820266.0,1183119.0,1147695.0,,2910.0,3855.0,161.32,67.67,65.65,,2205.0,,1748295.0,1935.907,32.4,2.372,1.387,43290.705,,151.689,16.52,5.8,37.6,,2.0,77.29,0.852,,,,
10591,BGD,Asia,Bangladesh,2021-11-12,1572127.0,221.0,234.571,27912.0,5.0,3.571,9453.361,1.329,1.411,167.838,0.03,0.021,,,,,,,,,,,,,,,,,,,,,,,,,,,,,,,166303494.0,1265.036,27.5,5.098,3.262,3523.984,14.8,298.003,8.38,1.0,44.7,34.808,0.8,72.59,0.632,,,,
11197,BRB,North America,Barbados,2021-11-12,21595.0,284.0,297.0,191.0,2.0,3.0,75058.74,987.112,1032.297,663.868,6.951,10.427,,,,,,,,,,,,,,,,,,,,,,,,,,,,,,,287708.0,664.463,39.8,14.952,9.473,16978.068,,170.05,13.57,1.9,14.5,88.469,5.8,79.19,0.814,,,,
11821,BLR,Europe,Belarus,2021-11-12,623628.0,1939.0,1943.714,4820.0,15.0,15.429,66042.231,205.34,205.839,510.438,1.589,1.634,,,,,,,,,,,9984551.0,1057.364,,30304.0,3.209,,,tests performed,,,,,,,,,,,,,9442867.0,46.858,40.3,14.799,9.788,17167.967,,443.129,5.18,10.5,46.1,,11.0,74.79,0.823,,,,
12469,BEL,Europe,Belgium,2021-11-12,1484712.0,21164.0,11594.857,26321.0,60.0,30.857,127636.638,1819.411,996.778,2262.745,5.158,2.653,,,,,,,,,,,,,,,,,,,,,,,,,,,,,,,11632334.0,375.564,41.8,18.571,12.849,42658.576,0.2,114.898,4.29,25.1,31.4,,5.64,81.63,0.931,,,,
13069,BLZ,North America,Belize,2021-11-12,28899.0,150.0,143.571,534.0,4.0,3.571,71370.535,370.448,354.572,1318.795,9.879,8.82,,,,,,,,,,,,,,,,,,,,,,,,,,,,,,,404915.0,16.426,25.0,3.853,2.279,7824.362,,176.957,17.11,,,90.083,1.3,74.62,0.716,,,,
13676,BEN,Africa,Benin,2021-11-12,24833.0,0.0,4.143,161.0,0.0,0.0,1994.453,0.0,0.333,12.931,0.0,0.0,,,,,,,,,,,,,,,,,,,,,,,,,,,,,,,12451031.0,99.11,18.8,3.244,1.942,2064.236,49.6,235.848,0.99,0.6,12.3,11.035,0.5,61.77,0.545,,,,
14593,BTN,Asia,Bhutan,2021-11-12,2623.0,0.0,0.0,3.0,0.0,0.0,3363.252,0.0,0.0,3.847,0.0,0.0,,,,,,,,,,,,,,,,,,,,,,,,,,,,,,,779900.0,21.188,28.6,4.885,2.977,8708.597,1.5,217.066,9.75,,,79.807,1.7,71.78,0.654,,,,
15205,BOL,South America,Bolivia,2021-11-12,522530.0,1012.0,757.286,19004.0,6.0,6.286,44158.948,85.524,63.998,1606.026,0.507,0.531,,,,,,,,,,,,,,,,,,,,,,,,,,,,,,,11832936.0,10.202,25.4,6.704,4.393,6885.829,7.1,204.299,6.89,,,25.383,1.1,71.51,0.718,,,,
15969,BIH,Europe,Bosnia and Herzegovina,2021-11-12,263587.0,681.0,883.714,11962.0,40.0,35.0,80769.208,208.674,270.791,3665.436,12.257,10.725,,,,,,,,,,2781.0,1343252.0,411.604,0.852,3115.0,0.955,,,tests performed,,,,,,,,,,,,,3263459.0,68.496,42.5,16.569,10.711,11713.895,0.2,329.635,10.08,30.2,47.7,97.164,3.5,77.4,0.78,,,,
16562,BWA,Africa,Botswana,2021-11-12,193701.0,0.0,109.429,2411.0,0.0,0.571,80801.672,0.0,45.648,1005.74,0.0,0.238,,,,,,,,,,,,,,,,,,,,,,,,,,,,,,,2397240.0,4.044,25.8,3.941,2.242,15807.374,,237.372,4.81,5.7,34.4,,1.8,69.59,0.735,,,,
17188,BRA,South America,Brazil,2021-11-12,21939196.0,14598.0,10962.571,610491.0,267.0,204.429,102522.75,68.217,51.229,2852.849,1.248,0.955,,,,,,,,,,,,,,,,,,,294219326.0,161787056.0,126202217.0,11231782.0,11231782.0,2331114.0,137.49,75.6,58.97,5.25,10893.0,,213993441.0,25.04,33.5,8.552,5.06,14103.452,3.4,177.961,8.11,10.1,17.9,,2.2,75.88,0.765,,,,
17971,BRN,Asia,Brunei,2021-11-12,14121.0,63.0,82.286,95.0,0.0,0.571,31981.827,142.685,186.364,215.16,0.0,1.294,,,,,,,,,,,,,,,,,,,668251.0,376127.0,292124.0,,7035.0,5051.0,151.35,85.19,66.16,,11440.0,,441532.0,81.347,32.4,4.591,2.382,71809.251,,201.285,12.79,2.0,30.9,,2.7,75.86,0.838,,,,
18586,BGR,Europe,Bulgaria,2021-11-12,653209.0,3146.0,3504.143,26125.0,175.0,169.286,94713.887,456.163,508.093,3788.068,25.375,24.546,,,,,,,,,,,6005759.0,870.822,,32795.0,4.755,,,tests performed,3057437.0,,1615183.0,,21882.0,14768.0,44.33,,23.42,,2141.0,,6896655.0,65.18,44.7,20.801,13.272,18563.307,1.5,424.688,5.81,30.1,44.4,,7.454,75.05,0.816,,,,
19199,BFA,Africa,Burkina Faso,2021-11-12,15281.0,0.0,25.429,234.0,0.0,1.857,710.84,0.0,1.183,10.885,0.0,0.086,,,,,,,,,,,,,,,,,,,,,,,,,,,,,,,21497097.0,70.151,17.6,2.409,1.358,1703.102,43.7,269.048,2.42,1.6,23.9,11.877,0.4,61.58,0.452,,,,
19791,BDI,Africa,Burundi,2021-11-12,20221.0,11.0,12.143,38.0,0.0,0.0,1649.963,0.898,0.991,3.101,0.0,0.0,,,,,,,,,,,,,,,,,,,,,,,,,,,,,,,12255429.0,423.062,17.5,2.562,1.504,702.225,71.7,293.068,6.05,,,6.144,0.8,61.58,0.433,,,,
20447,KHM,Asia,Cambodia,2021-11-12,119421.0,63.0,67.571,2856.0,6.0,5.429,7046.964,3.718,3.987,168.531,0.354,0.32,,,,,,,,,,,,,,,,,,,28210938.0,14045675.0,13199809.0,2018605.0,28349.0,34826.0,166.47,82.88,77.89,11.91,2055.0,,16946446.0,90.672,25.6,4.412,2.385,3645.07,,270.892,4.0,2.0,33.7,66.229,0.8,69.82,0.594,,,,
21064,CMR,Africa,Cameroon,2021-11-12,106190.0,0.0,263.143,1770.0,0.0,5.571,3900.565,0.0,9.666,65.016,0.0,0.205,,,,,,,,,,,,,,,,,,,,,,,,,,,,,,,27224262.0,50.885,18.8,3.165,1.919,3364.926,23.8,244.661,7.2,,,2.735,1.3,59.29,0.563,,,,
21721,CAN,North America,Canada,2021-11-12,1753722.0,3922.0,2536.857,29362.0,45.0,25.286,46068.247,103.026,66.64,771.306,1.182,0.664,,,,,,,,,,,,,,,,,,,59479572.0,30033267.0,28635932.0,810373.0,93623.0,63326.0,156.25,78.89,75.22,2.13,1664.0,,38067913.0,4.037,41.4,16.984,10.797,44017.591,0.5,105.599,7.37,12.0,16.6,,2.5,82.43,0.929,,,,
22324,CPV,Africa,Cape Verde,2021-11-12,38293.0,6.0,7.286,350.0,0.0,0.143,68149.016,10.678,12.966,622.886,0.0,0.254,,,,,,,,,,,,,,,,,,,,,,,,,,,,,,,561901.0,135.58,25.7,4.46,3.437,6222.554,,182.219,2.42,2.1,16.5,,2.1,72.98,0.665,,,,
23247,CAF,Africa,Central African Republic,2021-11-12,11666.0,87.0,12.429,101.0,1.0,0.143,2371.144,17.683,2.526,20.529,0.203,0.029,,,,,,,,,,,,,,,,,,,,,,,,,,,,,,,4919987.0,7.479,18.3,3.655,2.251,661.24,,435.727,6.1,,,16.603,1.0,53.28,0.397,,,,
23851,TCD,Africa,Chad,2021-11-12,5107.0,0.0,0.0,175.0,0.0,0.0,301.922,0.0,0.0,10.346,0.0,0.0,,,,,,,,,,,,,,,,,,,,,,,,,,,,,,,16914985.0,11.833,16.7,2.486,1.446,1768.153,38.4,280.995,6.1,,,5.818,,54.24,0.398,,,,
24480,CHL,South America,Chile,2021-11-12,1721025.0,2940.0,2457.0,37936.0,19.0,17.429,89579.043,153.026,127.886,1974.562,0.989,0.907,,,,,,,,,,,,,,,,,,,,,,,,,,,,,,,19212362.0,24.282,35.4,11.087,6.938,22767.037,1.3,127.993,8.46,34.2,41.5,,2.11,80.18,0.851,,,,
25141,CHN,Asia,China,2021-11-12,98251.0,75.0,72.714,4636.0,0.0,0.0,68.031,0.052,0.05,3.21,0.0,0.0,,,,,,,,,,,,,,,,,,,2372713000.0,,,,8681000.0,8726714.0,164.29,,,,6043.0,,1444216102.0,147.674,38.7,10.641,5.929,15308.712,0.7,261.899,9.74,1.9,48.4,,4.34,76.91,0.761,,,,
25758,COL,South America,Colombia,2021-11-12,5026822.0,2559.0,2262.857,127721.0,41.0,37.857,98054.024,49.916,44.14,2491.347,0.8,0.738,,,,,,,,,,,,,,,,,,,,,,,,,,,,,,,51265841.0,44.223,32.2,7.646,4.312,13254.949,4.5,124.24,7.44,4.7,13.5,65.386,1.71,77.29,0.767,,,,
26320,COM,Africa,Comoros,2021-11-12,4363.0,11.0,9.0,149.0,1.0,0.286,4910.767,12.381,10.13,167.707,1.126,0.322,,,,,,,,,,,,,,,,,,,,,,,,,,,,,,,888456.0,437.352,20.4,2.963,1.726,1413.89,18.1,261.516,11.88,4.4,23.6,15.574,2.2,64.32,0.554,,,,
26928,COG,Africa,Congo,2021-11-12,18153.0,0.0,29.857,309.0,0.0,1.714,3208.935,0.0,5.278,54.622,0.0,0.303,,,,,,,,,,,,,,,,,,,,,,,,,,,,,,,5657017.0,15.405,19.0,3.402,2.063,4881.406,37.0,344.094,7.2,1.7,52.3,47.964,,64.57,0.574,,,,
27713,CRI,North America,Costa Rica,2021-11-12,564159.0,235.0,263.286,7197.0,7.0,9.0,109778.786,45.728,51.232,1400.453,1.362,1.751,,,,,,,,,,,,,,,,,,,,,,,,,,,,,,,5139053.0,96.079,33.6,9.468,5.694,15524.995,1.3,137.973,8.78,6.4,17.4,83.841,1.13,80.28,0.81,,,,
28325,CIV,Africa,Cote d'Ivoire,2021-11-12,61486.0,0.0,14.143,700.0,0.0,0.286,2272.745,0.0,0.523,25.875,0.0,0.011,,,,,,,,,,,,,,,,,,,,,,,,,,,,,,,27053629.0,76.399,18.7,2.933,1.582,3601.006,28.2,303.74,2.42,,,19.351,,57.78,0.538,,,,
28952,HRV,Europe,Croatia,2021-11-12,528286.0,6449.0,5458.857,9774.0,53.0,53.429,129429.298,1579.996,1337.412,2394.616,12.985,13.09,,,,,,,,,,,3246065.0,795.281,,12912.0,3.163,,,people tested,3817390.0,2024193.0,1851543.0,,,20226.0,93.53,49.59,45.36,,4955.0,,4081657.0,73.726,44.0,19.724,13.053,22669.797,0.7,253.782,5.59,34.3,39.9,,5.54,78.49,0.851,,,,
29563,CUB,North America,Cuba,2021-11-12,958097.0,362.0,449.857,8279.0,1.0,3.143,84656.255,31.986,39.749,731.522,0.088,0.278,,,,,,,,,,,,,,,,,,,,,,,,,,,,,,,11317498.0,110.408,43.1,14.738,9.719,,,190.968,8.27,17.1,53.3,85.198,5.2,78.8,0.783,,,,
30406,CYP,Europe,Cyprus,2021-11-12,127036.0,264.0,231.857,587.0,10.0,1.571,141780.459,294.641,258.768,655.13,11.161,1.754,,,,,,,,,,,,,,,,,,,,,,,,,,,,,,,896005.0,127.657,37.3,13.416,8.563,32415.132,,141.171,9.24,19.6,52.7,,3.4,80.98,0.887,,,,
31035,CZE,Europe,Czechia,2021-11-12,1866969.0,10414.0,9402.143,31355.0,66.0,59.571,174083.619,971.043,876.693,2923.665,6.154,5.555,,,,,,,,,,,,,,,,,,,12758362.0,6406508.0,6180238.0,500698.0,50007.0,36063.0,118.96,59.74,57.63,4.67,3363.0,,10724553.0,137.176,43.3,19.027,11.58,32605.906,,227.485,6.82,30.5,38.3,,6.63,79.38,0.9,,,,
31647,COD,Africa,Democratic Republic of Congo,2021-11-12,57729.0,67.0,17.714,1099.0,0.0,0.143,624.922,0.725,0.192,11.897,0.0,0.002,,,,,,,,,,,,,,,,,,,,,,,,,,,,,,,92377986.0,35.879,17.0,3.02,1.745,808.133,77.1,318.949,6.1,,,4.472,,60.68,0.48,,,,
32297,DNK,Europe,Denmark,2021-11-12,420919.0,4593.0,2782.0,2759.0,4.0,4.143,72406.182,790.085,478.558,474.601,0.688,0.713,,,,,,,,,,,,,,,,,,,,,,,,,,,,,,,5813302.0,136.52,42.3,19.677,12.325,46682.515,0.2,114.767,6.41,19.3,18.8,,2.5,80.9,0.94,,,,
32902,DJI,Africa,Djibouti,2021-11-12,13494.0,0.0,0.429,186.0,0.0,0.429,13464.419,0.0,0.428,185.592,0.0,0.428,,,,,,,,,,,,,,,,,,,,,,,,,,,,,,,1002197.0,41.285,25.4,4.213,2.38,2705.406,22.5,258.037,6.05,1.7,24.5,,1.4,67.11,0.524,,,,
33503,DMA,North America,Dominica,2021-11-12,5235.0,0.0,39.143,34.0,0.0,0.286,72535.055,0.0,542.355,471.097,0.0,3.959,,,,,,,,,,,,,,,,,,,53955.0,28207.0,25748.0,,,93.0,74.76,39.08,35.68,,1289.0,,72172.0,98.567,,,,9673.367,,227.376,11.62,,,,3.8,75.0,0.742,,,,
34125,DOM,North America,Dominican Republic,2021-11-12,393383.0,1160.0,1014.0,4165.0,7.0,2.429,35913.207,105.9,92.571,380.236,0.639,0.222,,,,,,,,,,,,,,,,,,,,,,,,,,,,,,,10953714.0,222.873,27.6,6.981,4.419,14600.861,1.6,266.653,8.2,8.5,19.1,55.182,1.6,74.08,0.756,,,,
34747,ECU,South America,Ecuador,2021-11-12,519560.0,0.0,183.714,32989.0,0.0,0.857,29044.4,0.0,10.27,1844.148,0.0,0.048,,,,,,,,,,,,,,,,,,,,,,,,,,,,,,,17888474.0,66.939,28.1,7.104,4.458,10581.936,3.6,140.448,5.55,2.0,12.3,80.635,1.5,77.01,0.759,,,,
35385,EGY,Africa,Egypt,2021-11-12,342097.0,909.0,917.714,19366.0,57.0,59.571,3281.244,8.719,8.802,185.75,0.547,0.571,,,,,,,,,,,,,,,,,,,,,,,,,,,,,,,104258327.0,97.999,25.3,5.159,2.891,10550.206,1.3,525.432,17.31,0.2,50.1,89.827,1.6,71.99,0.707,,,,
35989,SLV,North America,El Salvador,2021-11-12,117544.0,194.0,588.857,3715.0,6.0,6.429,18032.369,29.761,90.336,569.916,0.92,0.986,,,,,,,,,,,,,,,,,,,,,,,,,,,,,,,6518500.0,307.811,27.6,8.273,5.417,7292.458,2.2,167.295,8.87,2.5,18.8,90.65,1.3,73.32,0.673,,,,
36597,GNQ,Africa,Equatorial Guinea,2021-11-12,13485.0,0.0,11.143,168.0,0.0,0.0,9300.699,0.0,7.685,115.871,0.0,0.0,,,,,,,,,,,,,,,,,,,,,,,,,,,,,,,1449891.0,45.194,22.4,2.846,1.752,22604.873,,202.812,7.78,,,24.64,2.1,58.74,0.592,,,,
37199,ERI,Africa,Eritrea,2021-11-12,7039.0,26.0,18.429,48.0,0.0,0.429,1954.484,7.219,5.117,13.328,0.0,0.119,,,,,,,,,,,,,,,,,,,,,,,,,,,,,,,3601462.0,44.304,19.3,3.607,2.171,1510.459,,311.11,6.05,0.2,11.4,,0.7,66.32,0.459,,,,
37848,EST,Europe,Estonia,2021-11-12,210542.0,945.0,1130.429,1662.0,12.0,11.571,158877.08,713.106,853.033,1254.162,9.055,8.732,,,,,,,,,,,,,,,,,,,,,,,,,,,,,,,1325188.0,31.033,42.7,19.452,13.491,29481.252,0.5,255.569,4.02,24.5,39.3,,4.69,78.74,0.892,,,,
38457,SWZ,Africa,Eswatini,2021-11-12,46466.0,1.0,1.571,1245.0,0.0,0.286,39634.279,0.853,1.34,1061.952,0.0,0.244,,,,,,,,,,,,,,,,,,,,,,,,,,,,,,,1172369.0,79.492,21.5,3.163,1.845,7738.975,,333.436,3.94,1.7,16.5,24.097,2.1,60.19,0.611,,,,
39067,ETH,Africa,Ethiopia,2021-11-12,368346.0,240.0,223.286,6601.0,18.0,12.0,3124.854,2.036,1.894,55.999,0.153,0.102,,,,,,,,,,,,,,,,,,,5064051.0,3671041.0,1393010.0,,5242.0,6433.0,4.3,3.11,1.18,,55.0,,117876226.0,104.957,19.8,3.526,2.063,1729.927,26.7,182.634,7.47,0.4,8.5,7.96,0.3,66.6,0.485,,,,
41388,FJI,Oceania,Fiji,2021-11-12,52397.0,41.0,21.429,679.0,0.0,0.714,58031.961,45.409,23.733,752.022,0.0,0.791,,,,,,,,,,,,,,,,,,,,,,,,,,,,,,,902899.0,49.562,28.6,6.224,3.284,8702.975,1.4,412.82,14.49,10.2,34.8,,2.3,67.44,0.743,,,,
42042,FIN,Europe,Finland,2021-11-12,167119.0,0.0,663.286,1216.0,0.0,4.0,30120.427,0.0,119.546,219.164,0.0,0.721,,,,,,,,,,,,,,,,,,,8217688.0,4255751.0,3961937.0,,19878.0,9103.0,148.11,76.7,71.41,,1641.0,,5548361.0,18.136,42.8,21.228,13.264,40585.721,,153.507,5.76,18.3,22.6,,3.28,81.91,0.938,,,,
42701,FRA,Europe,France,2021-11-12,7362807.0,3887.0,8786.286,119069.0,48.0,34.143,108974.893,57.53,130.043,1762.308,0.71,0.505,,,,,,,,,,,,,,,,,,,,,,,,,,,,,,,67564251.0,122.578,42.0,19.718,13.079,38605.671,,86.06,4.77,30.1,35.6,,5.98,82.66,0.901,,,,
43583,GAB,Africa,Gabon,2021-11-12,36587.0,0.0,81.0,262.0,0.0,1.857,16055.176,0.0,35.545,114.971,0.0,0.815,,,,,,,,,,,1355073.0,594.636,,3059.0,1.342,,,samples tested,,,,,,,,,,,,,2278829.0,7.859,23.1,4.45,2.976,16562.413,3.4,259.967,7.2,,,,6.3,66.47,0.703,,,,
44189,GMB,Africa,Gambia,2021-11-12,9980.0,0.0,1.0,341.0,0.0,0.0,4012.969,0.0,0.402,137.116,0.0,0.0,,,,,,,,,,,,,,,,,,,,,,,,,,,,,,,2486937.0,207.566,17.5,2.339,1.417,1561.767,10.1,331.43,1.91,0.7,31.2,7.876,1.1,62.05,0.496,,,,
44815,GEO,Asia,Georgia,2021-11-12,775826.0,4445.0,4616.429,10816.0,77.0,73.714,194942.274,1116.898,1159.973,2717.743,19.348,18.522,,,,,,,,,,,,,,,,,,,2041209.0,1076629.0,964580.0,,8270.0,5950.0,51.29,27.05,24.24,,1495.0,,3979773.0,65.032,38.7,14.864,10.244,9745.079,4.2,496.218,7.11,5.3,55.5,,2.6,73.77,0.812,,,,
45471,DEU,Europe,Germany,2021-11-12,5002730.0,45356.0,35263.286,97623.0,229.0,161.571,59626.96,540.593,420.299,1163.557,2.729,1.926,,,,,,,,,,,,,,,,,,,114800236.0,58223200.0,56141195.0,3785019.0,293750.0,239077.0,136.83,69.4,66.91,4.51,2850.0,,83900471.0,237.016,46.6,21.453,15.957,45229.245,,156.139,8.31,28.2,33.1,,8.0,81.33,0.947,,,,
46080,GHA,Africa,Ghana,2021-11-12,130649.0,0.0,36.857,1206.0,0.0,2.571,4117.247,0.0,1.162,38.006,0.0,0.081,,,,,,,,,,,,,,,,,,,,,,,,,,,,,,,31732128.0,126.719,21.1,3.385,1.948,4227.63,12.0,298.245,4.97,0.3,7.7,41.047,0.9,64.07,0.611,,,,
46387,GIB,Europe,Gibraltar,2021-11-12,,,,,,,,,,,,,,,,,,,,,,,,,,,,,,,92749.0,40763.0,39814.0,12172.0,492.0,243.0,275.29,120.99,118.17,36.13,7213.0,,33691.0,3457.1,,,,,,,,,,,,79.93,,,,,
47020,GRC,Europe,Greece,2021-11-12,821900.0,6832.0,6805.0,16616.0,56.0,59.429,79251.765,658.776,656.173,1602.199,5.4,5.73,,,,,,,,,,,,,,,,,,,13156658.0,6782046.0,6455182.0,598100.0,55847.0,41519.0,126.86,65.4,62.24,5.77,4003.0,,10370747.0,83.479,45.3,20.396,14.524,24574.382,1.5,175.695,4.55,35.3,52.0,,4.21,82.24,0.888,,,,
47903,GRD,North America,Grenada,2021-11-12,5863.0,0.0,0.857,200.0,0.0,0.286,51878.069,0.0,7.584,1769.677,0.0,2.528,,,,,,,,,,,,,,,,,,,,,,,,,,,,,,,113015.0,317.132,29.4,7.304,5.021,13593.877,,243.964,10.71,,,,3.7,72.4,0.779,,,,
48538,GTM,North America,Guatemala,2021-11-12,609136.0,829.0,650.0,15675.0,48.0,48.143,33377.556,45.425,35.617,858.91,2.63,2.638,,,,,,,,,,,,,,,,,,,,,,,,,,,,,,,18249868.0,157.834,22.9,4.694,3.016,7423.808,8.7,155.898,10.18,,,76.665,0.6,74.3,0.663,,,,
49437,GIN,Africa,Guinea,2021-11-12,30715.0,0.0,4.857,387.0,0.0,0.286,2275.651,0.0,0.36,28.673,0.0,0.021,,,,,,,,,,,,,,,,,,,,,,,,,,,,,,,13497237.0,51.755,19.0,3.135,1.733,1998.926,35.3,336.717,2.42,,,17.45,0.3,61.6,0.477,,,,
50035,GNB,Africa,Guinea-Bissau,2021-11-12,6301.0,38.0,21.571,143.0,0.0,0.0,3126.287,18.854,10.703,70.95,0.0,0.0,,,,,,,,,,,,,,,,,,,,,,,,,,,,,,,2015490.0,66.191,19.4,3.002,1.565,1548.675,67.1,382.474,2.42,,,6.403,,58.32,0.48,,,,
50646,GUY,South America,Guyana,2021-11-12,36652.0,119.0,94.143,955.0,0.0,3.143,46375.623,150.57,119.119,1208.358,0.0,3.977,,,,,,,,,,,,,,,,,,,648974.0,390110.0,258864.0,,2429.0,2069.0,82.11,49.36,32.75,,2618.0,,790329.0,3.952,26.3,5.305,2.837,7435.047,,373.159,11.62,,,77.159,1.6,69.91,0.682,,,,
51249,HTI,North America,Haiti,2021-11-12,24543.0,310.0,67.143,708.0,6.0,3.286,2126.466,26.859,5.817,61.343,0.52,0.285,,,,,,,,,,,,,,,,,,,,,,,,,,,,,,,11541683.0,398.448,24.3,4.8,2.954,1653.173,23.5,430.548,6.65,2.9,23.1,22.863,0.7,64.0,0.51,,,,
52522,HND,North America,Honduras,2021-11-12,376841.0,0.0,80.0,10349.0,0.0,5.857,37448.199,0.0,7.95,1028.422,0.0,0.582,,,,,,,,,,,,,,,,,,,7584433.0,3957957.0,3622891.0,3960.0,,40615.0,75.37,39.33,36.0,0.04,4036.0,,10062994.0,82.805,24.9,4.652,2.883,4541.795,16.0,240.208,7.21,2.0,,84.169,0.7,75.27,0.634,,,,
53182,HKG,Asia,Hong Kong,2021-11-12,12378.0,1.0,2.571,213.0,0.0,0.0,1638.862,0.132,0.34,28.201,0.0,0.0,,,,,,,,,,,,,,,,,,,9158550.0,4664334.0,4467291.0,,19715.0,11220.0,121.26,61.76,59.15,,1486.0,,7552800.0,7039.714,44.8,16.303,10.158,56054.92,,,8.33,,,,,84.86,0.949,,,,
53802,HUN,Europe,Hungary,2021-11-12,939784.0,8370.0,6802.857,31867.0,116.0,97.571,97547.041,868.783,706.118,3307.709,12.04,10.128,,,,,,,,,,37324.0,7301683.0,757.895,3.874,31573.0,3.277,,,tests performed,,,,,,,,,,,,,9634162.0,108.043,43.4,18.577,11.976,26777.561,0.5,278.296,7.55,26.8,34.8,,7.02,76.88,0.854,,,,
54428,ISL,Europe,Iceland,2021-11-12,15321.0,181.0,152.286,34.0,0.0,0.0,44620.806,527.144,443.516,99.021,0.0,0.0,,,,,,,,,,,,,,,,,,,,,,,,,,,,,,,343360.0,3.404,37.3,14.431,9.207,46482.958,0.2,117.992,5.31,14.3,15.2,,2.91,82.99,0.949,,,,
55081,IND,Asia,India,2021-11-12,34426036.0,11850.0,11621.857,463245.0,555.0,425.714,24706.339,8.504,8.341,332.454,0.398,0.306,,,,,,,,,,1165286.0,621067350.0,445.718,0.836,1149962.0,0.825,,,samples tested,1111423316.0,749179463.0,362243853.0,,8647724.0,4804242.0,79.76,53.77,26.0,,3448.0,,1393409033.0,450.419,28.2,5.989,3.414,6426.674,21.2,282.28,10.39,1.9,20.6,59.55,0.53,69.66,0.645,,,,
55702,IDN,Asia,Indonesia,2021-11-12,4250157.0,399.0,405.286,143628.0,20.0,15.571,15378.96,1.444,1.467,519.71,0.072,0.056,,,,,,,,,,,,,,,,,,,211907880.0,129089388.0,82818492.0,,2049436.0,1485120.0,76.68,46.71,29.97,,5374.0,,276361788.0,145.725,29.3,5.319,3.053,11188.744,5.7,342.864,6.32,2.8,76.1,64.204,1.04,71.72,0.718,,,,
56980,IRN,Asia,Iran,2021-11-12,6027269.0,7322.0,7687.429,127918.0,109.0,123.571,70885.063,86.112,90.41,1504.409,1.282,1.453,,,,,,,,,,,36829133.0,433.137,,110260.0,1.297,,,tests performed,,,,,,,,,,,,,85028760.0,49.831,32.4,5.44,3.182,19082.62,0.2,270.308,9.59,0.8,21.1,,1.5,76.68,0.783,,,,
57608,IRQ,Asia,Iraq,2021-11-12,2067797.0,892.0,939.286,23471.0,26.0,24.857,50214.415,21.661,22.81,569.97,0.631,0.604,,,,,,,,,,,,,,,,,,,,,,,,,,,,,,,41179351.0,88.125,20.0,3.186,1.957,15663.986,2.5,218.612,8.83,,,94.576,1.4,70.6,0.674,,,,
58231,IRL,Europe,Ireland,2021-11-12,490001.0,5478.0,3961.143,5566.0,0.0,10.571,98336.432,1099.359,794.947,1117.019,0.0,2.122,,,,,,,,,,28671.0,8443308.0,1694.455,5.754,27157.0,5.45,,,tests performed,,,,,,,,,,,,,4982904.0,69.874,38.7,13.928,8.678,67335.293,0.2,126.459,3.28,23.0,25.7,,2.96,82.3,0.955,,,,
58527,IMN,Europe,Isle of Man,2021-11-12,,,,,,,,,,,,,,,,,,,,,,,,,,,,,,,132860.0,68140.0,64720.0,,,49.0,155.56,79.78,75.78,,574.0,,85410.0,147.872,,,,,,,,,,,,81.4,,,,,
59159,ISR,Asia,Israel,2021-11-12,1336587.0,413.0,474.857,8140.0,2.0,4.0,143858.25,44.452,51.109,876.117,0.215,0.431,,114.0,12.97,200.0,22.754,,,,,40840.0,30975933.0,3333.972,4.396,70141.0,7.549,,,tests performed,16020306.0,6255443.0,5751985.0,4012878.0,778.0,6446.0,172.43,67.33,61.91,43.19,694.0,,9291000.0,402.606,30.6,11.733,7.359,33132.32,0.5,93.32,6.74,15.4,35.4,,2.99,82.97,0.919,,,,
59811,ITA,Europe,Italy,2021-11-12,4843957.0,8522.0,6927.429,132686.0,68.0,50.286,80241.178,141.169,114.754,2197.972,1.126,0.833,,,,,,,,,,,,,,,,,,,91901997.0,46827542.0,43732634.0,2834663.0,204695.0,175249.0,152.24,77.57,72.44,4.7,2903.0,,60367471.0,205.859,47.9,23.021,16.24,35220.084,2.0,113.151,4.78,19.8,27.8,,3.18,83.51,0.892,,,,
60423,JAM,North America,Jamaica,2021-11-12,90005.0,79.0,77.0,2311.0,9.0,5.571,30269.43,26.568,25.896,777.209,3.027,1.874,,,,,,,,,,,,,,,,,,,1031652.0,621048.0,468894.0,,7212.0,8464.0,34.7,20.89,15.77,,2847.0,,2973462.0,266.879,31.4,9.684,6.39,8193.571,,206.537,11.28,5.3,28.6,66.425,1.7,74.47,0.734,,,,
61084,JPN,Asia,Japan,2021-11-12,1724573.0,194.0,182.571,18320.0,1.0,2.286,13681.572,1.539,1.448,145.338,0.008,0.018,,,,,,,,,,,,,,,,,,,,,,,,,,,,,,47.22,126050796.0,347.778,48.2,27.049,18.493,39002.223,,79.37,5.72,11.2,33.7,,13.05,84.63,0.919,,,,
61943,JOR,Asia,Jordan,2021-11-12,888435.0,2393.0,2264.286,11197.0,14.0,13.571,86516.028,233.031,220.497,1090.367,1.363,1.322,,,,,,,,,,,,,,,,,,,7632014.0,4031732.0,3600282.0,,2531.0,11947.0,74.32,39.26,35.06,,1163.0,,10269022.0,109.285,23.2,3.81,2.361,8337.49,0.1,208.257,11.75,,,,1.4,74.53,0.729,,,,
62553,KAZ,Asia,Kazakhstan,2021-11-12,1036373.0,1322.0,1277.0,17461.0,32.0,28.286,54560.426,69.597,67.228,919.244,1.685,1.489,,,,,,,,,,,,,,,,,,,16278843.0,8501375.0,7777468.0,,47029.0,40875.0,85.7,44.76,40.94,,2152.0,,18994958.0,6.681,30.6,6.991,4.625,24055.588,0.1,466.792,7.11,7.0,43.1,98.999,6.7,73.6,0.825,,,,
63170,KEN,Africa,Kenya,2021-11-12,254215.0,64.0,68.286,5316.0,1.0,2.857,4623.293,1.164,1.242,96.68,0.018,0.052,,,,,,,,,,,,,,,,,,,,,,,,,,,,,,,54985702.0,87.324,20.0,2.686,1.528,2993.028,36.8,218.637,2.92,1.2,20.4,24.651,1.4,66.7,0.601,,,,
63349,KIR,Oceania,Kiribati,2021-11-12,2.0,0.0,0.0,,,0.0,16.476,0.0,0.0,,,0.0,,,,,,,,,,,,,,,,,,,,,,,,,,,,,,,121388.0,143.701,23.2,3.895,2.21,1981.132,,434.657,22.66,35.9,58.9,,1.9,68.37,0.63,,,,
63958,OWID_KOS,Europe,Kosovo,2021-11-12,160927.0,16.0,12.857,2979.0,1.0,0.143,90301.131,8.978,7.215,1671.609,0.561,0.08,,,,,,,,,,,,,,,,,,,1591886.0,844163.0,747723.0,,2147.0,1981.0,89.33,47.37,41.96,,1112.0,,1782115.0,168.155,,,,9795.834,0.6,,,,,,,,,,,,
64586,KWT,Asia,Kuwait,2021-11-12,412960.0,24.0,23.857,2462.0,0.0,0.0,95403.707,5.545,5.512,568.781,0.0,0.0,,,,,,,,,,,,,,,,,,,,,,,,,,,,,,,4328553.0,232.128,33.7,2.345,1.114,65530.537,,132.235,15.84,2.7,37.0,,2.0,75.49,0.806,,,,
65191,KGZ,Asia,Kyrgyzstan,2021-11-12,182197.0,107.0,75.571,2699.0,2.0,2.571,27487.547,16.143,11.401,407.191,0.302,0.388,,,,,,,,,,,,,,,,,,,1854174.0,1037598.0,812885.0,,10703.0,8208.0,27.97,15.65,12.26,,1238.0,,6628347.0,32.333,26.3,4.489,2.882,3393.474,1.4,436.362,7.11,3.6,50.5,89.22,4.5,71.45,0.697,,,,
65790,LAO,Asia,Laos,2021-11-12,52175.0,1198.0,1022.143,94.0,1.0,2.429,7070.398,162.345,138.514,12.738,0.136,0.329,,,,,,,,,,,,,,,,,,,,,,,,,,,,,,,7379358.0,29.715,24.4,4.029,2.322,6397.36,22.7,368.111,4.0,7.3,51.2,49.839,1.5,67.92,0.613,,,,
66420,LVA,Europe,Latvia,2021-11-12,238153.0,1388.0,1353.143,3683.0,37.0,34.143,127563.695,743.465,724.794,1972.753,19.819,18.288,,,,,,,,,,16707.0,5113776.0,2739.131,8.949,14423.0,7.726,,,tests performed,2082632.0,1226743.0,1105416.0,,8882.0,9819.0,111.55,65.71,59.21,,5259.0,,1866934.0,31.212,43.9,19.754,14.136,25063.846,0.7,350.06,4.91,25.6,51.0,,5.57,75.29,0.866,,,,
67051,LBN,Asia,Lebanon,2021-11-12,650655.0,959.0,793.0,8571.0,5.0,5.286,96120.621,141.672,117.149,1266.185,0.739,0.781,,,,,,,,,,,,,,,,,,,3437857.0,1834075.0,1603782.0,,13384.0,9888.0,50.79,27.09,23.69,,1461.0,,6769151.0,594.561,31.1,8.514,5.43,13367.565,,266.591,12.71,26.9,40.7,,2.9,78.93,0.744,,,,
67600,LSO,Africa,Lesotho,2021-11-12,21688.0,1.0,1.571,660.0,0.0,0.143,10045.08,0.463,0.728,305.688,0.0,0.066,,,,,,,,,,,,,,,,,,,,,,,,,,,,,,,2159067.0,73.562,22.2,4.506,2.647,2851.153,59.6,405.126,3.94,0.4,53.9,2.117,,54.33,0.527,,,,
68206,LBR,Africa,Liberia,2021-11-12,5818.0,0.0,0.429,287.0,0.0,0.0,1123.121,0.0,0.083,55.403,0.0,0.0,,,,,,,,,,,,,,,,,,,,,,,,,,,,,,,5180208.0,49.127,19.2,3.057,1.756,752.788,38.6,272.509,2.42,1.5,18.1,1.188,0.8,64.1,0.48,,,,
68825,LBY,Africa,Libya,2021-11-12,364076.0,593.0,544.286,5275.0,17.0,12.714,52320.76,85.219,78.218,758.062,2.443,1.827,,,,,,,,,,,,,,,,,,,,,,,,,,,,,,,6958538.0,3.623,29.0,4.424,2.816,17881.509,,341.862,10.43,,,,3.7,72.91,0.724,,,,
69444,LIE,Europe,Liechtenstein,2021-11-12,3846.0,5.0,16.857,61.0,0.0,0.0,100538.506,130.705,440.664,1594.604,0.0,0.0,,,,,,,,,,,,,,,,,,,,,,,,,,,,,,,38254.0,237.012,,,,,,,7.77,,,,2.397,82.49,0.919,,,,
70067,LTU,Europe,Lithuania,2021-11-12,439373.0,2683.0,2573.286,6271.0,20.0,32.0,163344.067,997.449,956.661,2331.346,7.435,11.897,,,,,,,,,,,,,,,,,,,3493758.0,1837378.0,1748263.0,145352.0,13974.0,8893.0,129.89,68.31,64.99,5.4,3306.0,,2689862.0,45.135,43.5,19.002,13.778,29524.265,0.7,342.989,3.67,21.3,38.0,,6.56,75.93,0.882,,,,
71985,LUX,Europe,Luxembourg,2021-11-12,84248.0,179.0,200.857,855.0,1.0,0.857,132712.889,281.972,316.403,1346.851,1.575,1.35,,,,,,,,,,,,,,,,,,,,,,,,,,,,,,,634814.0,231.447,39.7,14.312,9.842,94277.965,0.2,128.275,4.42,20.9,26.0,,4.51,82.25,0.916,,,,
72858,MDG,Africa,Madagascar,2021-11-12,43672.0,0.0,5.714,964.0,0.0,0.0,1536.268,0.0,0.201,33.911,0.0,0.0,,,,,,,,,,,,,,,,,,,,,,,,,,,,,,,28427333.0,43.951,19.6,2.929,1.686,1416.44,77.6,405.994,3.94,,,50.54,0.2,67.04,0.528,,,,
73452,MWI,Africa,Malawi,2021-11-12,61841.0,7.0,5.429,2302.0,0.0,0.0,3147.496,0.356,0.276,117.164,0.0,0.0,,,,,,,,,,,,,,,,,,,,,,,,,,,,,,,19647681.0,197.519,18.1,2.979,1.783,1095.042,71.4,227.349,3.94,4.4,24.7,8.704,1.3,64.26,0.483,,,,
74111,MYS,Asia,Malaysia,2021-11-12,2535338.0,6517.0,5439.0,29576.0,41.0,53.429,77353.03,198.833,165.944,902.362,1.251,1.63,,,,,,,,,,,,,,,,,,,,,,,,,,,,,,,32776195.0,96.254,29.9,6.293,3.407,26808.164,0.1,260.942,16.74,1.0,42.4,,1.9,76.16,0.81,,,,
74726,MDV,Asia,Maldives,2021-11-12,89529.0,165.0,144.714,247.0,0.0,0.286,164690.409,303.521,266.205,454.362,0.0,0.526,,,,,,,,,,,,,,,,,,,,,,,,,,,,,,,543620.0,1454.433,30.6,4.12,2.875,15183.616,,164.905,9.19,2.1,55.0,95.803,,78.92,0.74,,,,
75324,MLI,Africa,Mali,2021-11-12,16605.0,43.0,44.429,584.0,2.0,1.857,796.184,2.062,2.13,28.002,0.096,0.089,,,,,,,,,,,,,,,,,,,,,,,,,,,,,,,20855724.0,15.196,16.4,2.519,1.486,2014.306,,268.024,2.42,1.6,23.0,52.232,0.1,59.31,0.434,,,,
75942,MLT,Europe,Malta,2021-11-12,38117.0,50.0,43.429,462.0,0.0,0.0,73855.842,96.88,84.148,895.175,0.0,0.0,,,,,,,,,,2195.0,1365205.0,2645.233,4.253,1876.0,3.635,,,tests performed,,,,,,,,,,,,,516100.0,1454.037,42.4,19.426,11.324,36513.323,0.2,168.711,8.83,20.9,30.2,,4.485,82.53,0.895,,,,
76323,MHL,Oceania,Marshall Islands,2021-11-12,4.0,0.0,0.0,,,0.0,67.094,0.0,0.0,,,0.0,,,,,,,,,,,,,,,,,,,,,,,,,,,,,,,59618.0,295.15,,,,3819.202,,557.793,30.53,,,82.502,2.7,73.7,0.704,,,,
76932,MRT,Africa,Mauritania,2021-11-12,38001.0,60.0,56.143,806.0,1.0,0.714,7958.141,12.565,11.757,168.792,0.209,0.15,,,,,,,,,,,,,,,,,,,,,,,,,,,,,,,4775110.0,4.289,20.3,3.138,1.792,3597.633,6.0,232.347,2.42,,,15.95,,64.92,0.546,,,,
77537,MUS,Africa,Mauritius,2021-11-12,18979.0,0.0,95.0,240.0,0.0,5.857,14903.866,0.0,74.602,188.468,0.0,4.6,,,,,,,,,,,,,,,,,,,,,,,,,,,,,,,1273428.0,622.962,37.4,10.945,5.884,20292.745,0.5,224.644,22.02,3.2,40.7,,3.4,74.99,0.804,,,,
78219,MEX,North America,Mexico,2021-11-12,3838308.0,0.0,2870.286,290630.0,0.0,214.143,29466.011,0.0,22.035,2231.115,0.0,1.644,,,,,,,,,,,,,,,,,,,,,,,,,,,,,,,130262220.0,66.444,29.3,6.857,4.321,17336.469,2.5,152.783,13.06,6.9,21.4,87.847,1.38,75.05,0.779,,,,
78515,FSM,Oceania,Micronesia (country),2021-11-12,1.0,0.0,0.0,,,0.0,8.602,0.0,0.0,,,0.0,,,,,,,,,,,,,,,,,,,,,,,,,,,,,,,116255.0,150.777,23.0,4.81,2.392,3299.464,16.0,454.343,12.02,,,,,67.88,0.62,,,,
79130,MDA,Europe,Moldova,2021-11-12,351940.0,1243.0,1053.857,8391.0,68.0,54.857,87459.695,308.895,261.891,2085.226,16.899,13.632,,,,,,,,,,,2101912.0,522.341,,7367.0,1.831,,,tests performed,,,,,,,,,,,,,4024025.0,123.655,37.6,10.864,6.955,5189.972,0.2,408.502,5.72,5.9,44.6,86.979,5.8,71.9,0.75,,,,
79753,MCO,Europe,Monaco,2021-11-12,3473.0,6.0,5.571,36.0,0.0,0.0,87879.555,151.822,140.977,910.931,0.0,0.0,,,,,,,,,,,,,,,,,,,,,,,,,,,,,,,39520.0,19347.5,,,,,,,5.46,,,,13.8,86.75,,,,,
80366,MNG,Asia,Mongolia,2021-11-12,372187.0,1863.0,993.429,1869.0,19.0,11.571,111791.972,559.58,298.391,561.382,5.707,3.476,,,,,,,,,,7215.0,4321687.0,1298.084,2.167,6153.0,1.848,,,samples tested,,,,,,,,,,,,,3329282.0,1.98,28.6,4.031,2.421,11840.846,0.5,460.043,4.82,5.5,46.5,71.18,7.0,69.87,0.737,,,,
80972,MNE,Europe,Montenegro,2021-11-12,151272.0,479.0,553.0,2194.0,9.0,7.714,240859.421,762.677,880.502,3493.347,14.33,12.283,,,,,,,,,,,,,,,,,,,512394.0,264068.0,248326.0,,1380.0,1025.0,81.58,42.05,39.54,,1632.0,,628051.0,46.28,39.1,14.762,9.395,16409.288,1.0,387.305,10.08,44.0,47.9,,3.861,76.88,0.829,,,,
81860,MAR,Africa,Morocco,2021-11-12,948025.0,123.0,126.571,14737.0,3.0,5.143,25385.739,3.294,3.389,394.62,0.08,0.138,,,,,,,,,,,,,,,,,,,,,,,,,,,,,,,37344787.0,80.08,29.6,6.769,4.209,7485.013,1.0,419.146,7.14,0.8,47.1,,1.1,76.68,0.686,,,,
82461,MOZ,Africa,Mozambique,2021-11-12,151414.0,4.0,8.857,1934.0,0.0,0.143,4707.701,0.124,0.275,60.131,0.0,0.004,,,,,,,,,,,,,,,,,,,,,,,,,,,,,,,32163045.0,37.728,17.7,3.158,1.87,1136.103,62.9,329.942,3.3,5.1,29.1,12.227,0.7,60.85,0.456,,,,
83057,MMR,Asia,Myanmar,2021-11-12,511717.0,992.0,954.143,18899.0,17.0,16.571,9336.877,18.1,17.409,344.834,0.31,0.302,,,,,,,,,,,,,,,,,,,,,,,,,,,,,,,54806014.0,81.721,29.1,5.732,3.12,5591.597,6.4,202.104,4.61,6.3,35.2,79.287,0.9,67.13,0.583,,,,
83666,NAM,Africa,Namibia,2021-11-12,129038.0,11.0,7.571,3564.0,-1.0,0.571,49872.765,4.251,2.926,1377.474,-0.386,0.221,,,,,,,,,,,,,,,,,,,,,,,,,,,,,,,2587344.0,3.078,22.0,3.552,2.085,9541.808,13.4,243.811,3.94,9.7,34.2,44.6,,63.71,0.646,,,,
84470,NPL,Asia,Nepal,2021-11-12,816415.0,355.0,303.714,11469.0,3.0,4.429,27511.953,11.963,10.235,386.488,0.101,0.149,,,,,,,,,,,,,,,,,,,,,,,,,,,,,,,29674920.0,204.43,25.0,5.809,3.212,2442.804,15.0,260.797,7.26,9.5,37.8,47.782,0.3,70.78,0.602,,,,
85095,NLD,Europe,Netherlands,2021-11-12,2309626.0,16241.0,13115.714,19138.0,32.0,25.714,134490.966,945.724,763.736,1114.418,1.863,1.497,,,,,,,,,,,,,,,,,,,,,,,,,,,,,,,17173094.0,508.544,43.2,18.779,11.881,48472.545,,109.361,5.29,24.4,27.3,,3.32,82.28,0.944,,,,
85999,NZL,Oceania,New Zealand,2021-11-12,8483.0,176.0,162.857,33.0,0.0,0.286,1655.995,34.358,31.792,6.442,0.0,0.056,,,,,,,,,,30652.0,4400869.0,859.108,5.984,25323.0,4.943,,,tests performed,7169870.0,3786143.0,3383727.0,,,23009.0,139.97,73.91,66.05,,4492.0,,5122600.0,18.206,37.9,15.322,9.72,36085.843,,128.797,8.08,14.8,17.2,,2.61,82.29,0.931,,,,
86603,NIC,North America,Nicaragua,2021-11-12,16877.0,0.0,25.429,210.0,0.0,0.143,2518.061,0.0,3.794,31.332,0.0,0.021,,,,,,,,,,,,,,,,,,,,,,,,,,,,,,,6702379.0,51.667,27.3,5.445,3.519,5321.444,3.2,137.016,11.47,,,,0.9,74.48,0.66,,,,
87206,NER,Africa,Niger,2021-11-12,6650.0,24.0,30.857,231.0,2.0,1.571,264.615,0.955,1.228,9.192,0.08,0.063,,,,,,,,,,,,,,,,,,,,,,,,,,,,,,,25130810.0,16.955,15.1,2.553,1.378,926.0,44.5,238.339,2.42,0.1,15.4,8.978,0.3,62.42,0.394,,,,
87830,NGA,Africa,Nigeria,2021-11-12,213076.0,129.0,80.714,2949.0,16.0,6.714,1007.925,0.61,0.382,13.95,0.076,0.032,,,,,,,,,,,,,,,,,,,,,,,,,,,,,,,211400704.0,209.588,18.1,2.751,1.447,5338.454,,181.013,2.42,0.6,10.8,41.949,,54.69,0.539,,,,
89160,MKD,Europe,North Macedonia,2021-11-12,208467.0,469.0,492.143,7307.0,13.0,14.714,100096.463,225.193,236.305,3508.492,6.242,7.065,,,,,,,,,,,,,,,,,,,,,,,,,,,,,,,2082661.0,82.6,39.1,13.26,8.16,13111.214,5.0,322.688,10.08,,,,4.28,75.8,0.774,,,,
89463,OWID_CYN,Asia,Northern Cyprus,2021-11-12,,,,,,,,,,,,,,,,,,,,,,,,,,,,,,,563953.0,277641.0,265245.0,56061.0,,1011.0,147.54,72.64,69.39,14.67,2645.0,,,,,,,,,,,,,,,,,,,,
90089,NOR,Europe,Norway,2021-11-12,226064.0,1762.0,1609.857,950.0,2.0,4.0,41361.022,322.378,294.542,173.813,0.366,0.732,,,,,,,,,,,,,,,,,,,,,,,,,,,,,,,5465629.0,14.462,39.7,16.821,10.813,64800.057,0.2,114.316,5.31,19.6,20.7,,3.6,82.4,0.957,,,,
91375,OMN,Asia,Oman,2021-11-12,304410.0,0.0,11.571,4113.0,0.0,0.143,58278.401,0.0,2.215,787.422,0.0,0.027,,,,,,,,,,,,,,,,,,,,,,,,,,,,,,,5223376.0,14.98,30.7,2.355,1.53,37960.709,,266.342,12.61,0.5,15.6,97.4,1.6,77.86,0.813,,,,
92002,PAK,Asia,Pakistan,2021-11-12,1279373.0,231.0,447.571,28595.0,11.0,11.0,5681.054,1.026,1.987,126.976,0.049,0.049,,,,,,,,,,38524.0,21318930.0,94.667,0.171,43983.0,0.195,,,tests performed,118333360.0,77877215.0,47804912.0,,1089429.0,1076112.0,52.55,34.58,21.23,,4778.0,,225199929.0,255.573,23.5,4.495,2.78,5034.708,4.0,423.031,8.35,2.8,36.7,59.607,0.6,67.27,0.557,,,,
92085,PLW,Oceania,Palau,2021-11-12,8.0,0.0,0.0,,,0.0,440.189,0.0,0.0,,,0.0,,,,,,,,,,,,,,,,,,,,,,,,,,,,,,,18174.0,47.237,,,,13240.405,,,15.89,7.7,22.7,,4.8,73.7,0.826,,,,
92703,PSE,Asia,Palestine,2021-11-12,456632.0,225.0,219.0,4743.0,6.0,5.429,87431.234,43.081,41.932,908.141,1.149,1.039,,,,,,,,,,,,,,,,,,,,,,,,,,,,,,,5222756.0,778.202,20.4,3.043,1.726,4449.898,1.0,265.91,10.59,,,,,74.05,0.708,,,,
93317,PAN,North America,Panama,2021-11-12,474231.0,229.0,149.714,7341.0,3.0,2.714,108232.801,52.264,34.169,1675.422,0.685,0.619,,,,,,,,,,,,,,,,,,,5492619.0,2985652.0,2389652.0,,12930.0,3368.0,125.36,68.14,54.54,,769.0,,4381583.0,55.133,29.7,7.918,5.03,22267.037,2.2,128.346,8.33,2.4,9.9,,2.3,78.51,0.815,,,,
93920,PNG,Oceania,Papua New Guinea,2021-11-12,32627.0,249.0,191.429,430.0,15.0,3.429,3577.912,27.306,20.992,47.154,1.645,0.376,,,,,,,,,,,,,,,,,,,,,,,,,,,,,,,9119005.0,18.22,22.6,3.808,2.142,3823.194,,561.494,17.65,23.5,48.8,,,64.5,0.555,,,,
94536,PRY,South America,Paraguay,2021-11-12,461624.0,50.0,49.857,16278.0,5.0,2.857,63940.021,6.926,6.906,2254.683,0.693,0.396,,,,,,,,,,,,,,,,,,,5746121.0,3180418.0,2508250.0,57453.0,,61335.0,79.59,44.05,34.74,0.8,8496.0,,7219641.0,17.144,26.5,6.378,3.833,8827.01,1.7,199.128,8.27,5.0,21.6,79.602,1.3,74.25,0.728,,,,
95218,PER,South America,Peru,2021-11-12,2212514.0,1148.0,1004.0,200573.0,19.0,28.571,66323.525,34.413,30.096,6012.486,0.57,0.856,,,,,,,,,,,,,,,,,,,,,,,,,,,,,,,33359415.0,25.129,29.1,7.151,4.455,12236.706,3.5,85.755,5.95,4.8,,,1.6,76.74,0.777,,,,
95871,PHL,Asia,Philippines,2021-11-12,2813115.0,1867.0,2161.286,45035.0,169.0,135.714,25332.672,16.813,19.463,405.549,1.522,1.222,,,,,,,,,,,,,,,,,,,,,,,,,,,,,,,111046910.0,351.873,25.2,4.803,2.661,7599.188,,370.437,7.07,7.8,40.8,78.463,1.0,71.23,0.718,,,,
96575,POL,Europe,Poland,2021-11-12,3175769.0,12965.0,14178.714,78555.0,31.0,144.0,84021.721,343.017,375.128,2078.34,0.82,3.81,,,,,,,,,,,,,,,,,,,39854041.0,20458397.0,20134376.0,1534956.0,96219.0,63591.0,105.44,54.13,53.27,4.06,1682.0,,37797000.0,124.027,41.8,16.763,10.202,27216.445,,227.331,5.91,23.3,33.1,,6.62,78.73,0.88,,,,
97208,PRT,Europe,Portugal,2021-11-12,1104189.0,1751.0,1264.571,18234.0,3.0,5.857,108595.335,172.208,124.369,1793.287,0.295,0.576,,,,,,,,,,,,,,,,,,,,,,,,,,,,,,,10167923.0,112.371,46.2,21.502,14.924,27936.896,0.5,127.842,9.85,16.3,30.0,,3.39,82.05,0.864,,,,
97831,QAT,Asia,Qatar,2021-11-12,240828.0,123.0,136.714,611.0,0.0,0.0,82179.16,41.972,46.652,208.495,0.0,0.0,,,,,,,,,,,,,,,,,,,4876778.0,,,,5942.0,3397.0,166.41,,,,1159.0,,2930524.0,227.322,31.9,1.307,0.617,116935.6,,176.69,16.52,0.8,26.9,,1.2,80.23,0.848,,,,
98457,ROU,Europe,Romania,2021-11-12,1735277.0,4844.0,5963.571,52513.0,307.0,346.571,90720.289,253.244,311.776,2745.38,16.05,18.119,,,,,,,,,,,15365756.0,803.322,,47344.0,2.475,,,tests performed,,,,,,,,,,,,,19127772.0,85.129,43.0,17.85,11.69,23313.199,5.7,370.946,9.74,22.9,37.1,,6.892,76.05,0.828,,,,
99109,RUS,Europe,Russia,2021-11-12,8843238.0,38941.0,38559.286,248203.0,1203.0,1180.0,60606.644,266.88,264.264,1701.046,8.245,8.087,,,,,,,,,,,,,,,,,,,112305009.0,60155620.0,50587097.0,2338537.0,800054.0,528802.0,76.97,41.23,34.67,1.6,3624.0,,145912022.0,8.823,39.6,14.178,9.393,24765.954,0.1,431.297,6.18,23.4,58.3,,8.05,72.58,0.824,,,,
99718,RWA,Africa,Rwanda,2021-11-12,100082.0,35.0,26.286,1336.0,0.0,0.571,7538.272,2.636,1.98,100.629,0.0,0.043,,,,,,,,,,6845.0,3250314.0,244.817,0.516,10771.0,0.811,,,samples tested,,,,,,,,,,,,,13276517.0,494.869,20.3,2.974,1.642,1854.211,56.0,191.375,4.28,4.7,21.0,4.617,,69.02,0.543,,,,
100408,KNA,North America,Saint Kitts and Nevis,2021-11-12,2736.0,1.0,4.0,27.0,0.0,0.286,51096.254,18.676,74.702,504.239,0.0,5.336,,,,,,,,,,,,,,,,,,,50872.0,26215.0,24657.0,,,38.0,95.01,48.96,46.05,,710.0,,53546.0,212.865,,,,24654.385,,,12.84,,,,2.3,76.23,0.779,,,,
101017,LCA,North America,Saint Lucia,2021-11-12,12808.0,23.0,19.286,269.0,2.0,1.286,69457.324,124.728,104.586,1458.777,10.846,6.972,,,,,,,,,,,,,,,,,,,96183.0,52563.0,43620.0,,376.0,242.0,52.16,28.5,23.65,,1312.0,,184401.0,293.187,34.9,9.721,6.405,12951.839,,204.62,11.62,,,87.202,1.3,76.2,0.759,,,,
101626,VCT,North America,Saint Vincent and the Grenadines,2021-11-12,5257.0,53.0,23.571,71.0,0.0,0.286,47245.864,476.323,211.842,638.093,0.0,2.568,,,,,,,,,,,,,,,,,,,,,,,,,,,,,,,111269.0,281.787,31.8,7.724,4.832,10727.146,,252.675,11.62,,,,2.6,72.53,0.738,,,,
101986,WSM,Oceania,Samoa,2021-11-12,3.0,0.0,0.0,,,0.0,14.989,0.0,0.0,,,0.0,,,,,,,,,,,,,,,,,,,,,,,,,,,,,,,200144.0,69.413,22.0,5.606,3.564,6021.557,,348.977,9.21,16.7,38.1,,,73.32,0.715,,,,
102609,SMR,Europe,San Marino,2021-11-12,5624.0,10.0,5.143,92.0,0.0,0.0,165363.128,294.031,151.216,2705.087,0.0,0.0,,,,,,,,,,,,,,,,,,,,,,,,,,,,,,,34010.0,556.667,,,,56861.47,,,5.64,,,,3.8,84.97,,,,,
103195,STP,Africa,Sao Tome and Principe,2021-11-12,3730.0,0.0,1.429,56.0,0.0,0.0,16699.2,0.0,6.396,250.712,0.0,0.0,,,,,,,,,,,,,,,,,,,,,,,,,,,,,,,223364.0,212.841,18.7,2.886,2.162,3052.714,32.3,270.113,2.42,,,41.34,2.9,70.39,0.625,,,,
103816,SAU,Asia,Saudi Arabia,2021-11-12,549148.0,45.0,42.857,8810.0,1.0,1.143,15538.694,1.273,1.213,249.288,0.028,0.032,,,,,,,,,,,,,,,,,,,46637027.0,24379243.0,21953463.0,,24994.0,52374.0,131.96,68.98,62.12,,1482.0,,35340680.0,15.322,31.9,3.295,1.845,49045.411,,259.538,17.72,1.8,25.4,,2.7,75.13,0.854,,,,
104440,SEN,Africa,Senegal,2021-11-12,73948.0,1.0,2.143,1881.0,0.0,0.143,4300.225,0.058,0.125,109.384,0.0,0.008,,,,,,,,,,,,,,,,,,,,,,,,,,,,,,,17196308.0,82.328,18.7,3.008,1.796,2470.58,38.0,241.219,2.42,0.4,16.6,20.859,,67.94,0.512,,,,
105066,SRB,Europe,Serbia,2021-11-12,1204902.0,3822.0,4367.0,10722.0,67.0,64.429,175346.541,556.207,635.519,1560.347,9.75,9.376,,,,,,,,,,,,,,,,,,,,,,,,,,,,,,,6871547.0,80.291,41.2,17.366,,14048.881,,439.415,10.08,37.7,40.2,97.719,5.609,76.0,0.806,,,,
105674,SYC,Africa,Seychelles,2021-11-12,22633.0,59.0,36.0,122.0,3.0,0.429,228824.184,596.502,363.967,1233.445,30.331,4.333,,,,,,,,,,,,,,,,,,,,,,,,,,,,,,,98910.0,208.354,36.2,8.606,5.586,26382.287,1.1,242.648,10.55,7.1,35.7,,3.6,73.4,0.796,,,,
106266,SLE,Africa,Sierra Leone,2021-11-12,6400.0,0.0,0.286,121.0,0.0,0.0,786.111,0.0,0.035,14.862,0.0,0.0,,,,,,,,,,,,,,,,,,,,,,,,,,,,,,,8141343.0,104.7,19.1,2.538,1.285,1390.3,52.2,325.721,2.42,8.8,41.3,19.275,,54.7,0.452,,,,
106926,SGP,Asia,Singapore,2021-11-12,233176.0,3099.0,2918.714,562.0,14.0,13.429,42756.344,568.248,535.19,103.051,2.567,2.462,,,,,,,,,,,,,,,,,,,,,,,,,,,,,,,5453600.0,7915.731,42.4,12.922,7.049,85535.383,,92.243,10.99,5.2,28.3,,2.4,83.62,0.938,,,,
107726,SVK,Europe,Slovakia,2021-11-12,547052.0,6843.0,5751.0,13446.0,41.0,40.0,100179.353,1253.13,1053.157,2462.31,7.508,7.325,,,,,,,,,,,,,,,,,,,,,,,,,,,,,,,5460726.0,113.128,41.2,15.07,9.167,30155.152,0.7,287.959,7.29,23.1,37.7,,5.82,77.54,0.86,,,,
108376,SVN,Europe,Slovenia,2021-11-12,372109.0,3440.0,3159.0,4899.0,14.0,13.286,179008.459,1654.862,1519.683,2356.735,6.735,6.391,,,,,,,,,,,,,,,,,,,2337606.0,1206696.0,1130910.0,,3821.0,2643.0,112.45,58.05,54.4,,1271.0,,2078723.0,102.619,44.5,19.062,12.93,31400.84,,153.493,7.25,20.1,25.0,,4.5,81.32,0.917,,,,
108773,SLB,Oceania,Solomon Islands,2021-11-12,20.0,0.0,0.0,,,0.0,28.409,0.0,0.0,,,0.0,,,,,,,,,,,,,,,,,,,,,,,,,,,,,,,703995.0,21.841,20.8,3.507,2.043,2205.923,25.1,459.78,18.68,,,35.89,1.4,73.0,0.567,,,,
109380,SOM,Africa,Somalia,2021-11-12,22837.0,0.0,20.571,1313.0,0.0,2.714,1395.947,0.0,1.257,80.259,0.0,0.166,,,,,,,,,,,,,,,,,,,,,,,,,,,,,,,16359500.0,23.5,16.8,2.731,1.496,,,365.769,6.05,,,9.831,0.9,57.4,,,,,
110025,ZAF,Africa,South Africa,2021-11-12,2925371.0,393.0,282.571,89469.0,17.0,24.857,48722.081,6.545,4.706,1490.107,0.283,0.414,,,,,,,,,,,,,,,,,,,23832368.0,16166105.0,13324316.0,,,114551.0,39.69,26.92,22.19,,1908.0,,60041996.0,46.754,27.3,5.344,3.053,12294.876,18.9,200.38,5.52,8.1,33.2,43.993,2.32,64.13,0.709,,,,
111317,KOR,Asia,South Korea,2021-11-12,393042.0,2323.0,2190.0,3083.0,32.0,18.143,7660.863,45.278,42.686,60.091,0.624,0.354,,,,,,,,,,,,,,,,,,,81394840.0,41904606.0,39997410.0,985914.0,367685.0,256151.0,158.65,81.68,77.96,1.92,4993.0,,51305184.0,527.967,43.4,13.914,8.622,35938.374,0.2,85.998,6.8,6.2,40.9,,12.27,83.03,0.916,,,,
111904,SSD,Africa,South Sudan,2021-11-12,12558.0,12.0,15.0,133.0,0.0,0.0,1103.381,1.054,1.318,11.686,0.0,0.0,,,,,,,,,,,,,,,,,,,,,,,,,,,,,,,11381377.0,,19.2,3.441,2.032,1569.888,,280.775,10.43,,,,,57.85,0.433,,,,
112555,ESP,Europe,Spain,2021-11-12,5047156.0,4353.0,3073.857,87673.0,26.0,24.143,107971.617,93.122,65.758,1875.55,0.556,0.516,,,,,,,,,,,,,,,,,,,,,,,,,,,,,,,46745211.0,93.105,45.5,19.436,13.799,34272.36,1.0,99.403,7.17,27.4,31.4,,2.97,83.56,0.904,,,,
113211,LKA,Asia,Sri Lanka,2021-11-12,548784.0,723.0,681.571,13950.0,23.0,18.429,25528.036,33.632,31.705,648.919,1.07,0.857,,,,,,,,,,,,,,,,,,,,,,,,,,,,,,,21497306.0,341.955,34.1,10.069,5.331,11669.077,0.7,197.093,10.68,0.3,27.0,,3.6,76.98,0.782,,,,
113822,SDN,Africa,Sudan,2021-11-12,41093.0,0.0,94.286,3099.0,0.0,0.0,915.021,0.0,2.099,69.006,0.0,0.0,,,,,,,,,,,,,,,,,,,,,,,,,,,,,,,44909351.0,23.258,19.7,3.548,2.034,4466.507,,431.388,15.67,,,23.437,0.8,65.31,0.51,,,,
114431,SUR,South America,Suriname,2021-11-12,49950.0,48.0,78.571,1133.0,7.0,3.714,84403.8,81.109,132.767,1914.505,11.828,6.276,,,,,,,,,,,,,,,,,,,463705.0,253654.0,210051.0,,1485.0,1083.0,78.36,42.86,35.49,,1830.0,,591798.0,3.612,29.6,6.933,4.229,13767.119,,258.314,12.54,7.4,42.9,67.779,3.1,71.68,0.738,,,,
115082,SWE,Europe,Sweden,2021-11-12,1182471.0,939.0,768.143,15082.0,4.0,3.571,116383.12,92.42,75.603,1484.426,0.394,0.352,,,,,,,,,,,,,,,,,,,14898408.0,7276486.0,6964838.0,,59012.0,28704.0,146.64,71.62,68.55,,2825.0,,10160159.0,24.718,41.0,19.985,13.433,46949.283,0.5,133.982,4.79,18.8,18.9,,2.22,82.8,0.945,,,,
115709,CHE,Europe,Switzerland,2021-11-12,909038.0,3926.0,3084.571,11325.0,16.0,7.429,104301.374,450.462,353.918,1299.41,1.836,0.852,,,,,,,,,,,,,,,,,,,,,,,,,,,,,,,8715494.0,214.243,43.1,18.436,12.644,57410.166,,99.739,5.59,22.6,28.9,,4.53,83.78,0.955,,,,
116310,SYR,Asia,Syria,2021-11-12,45820.0,0.0,232.714,2650.0,0.0,8.143,2507.154,0.0,12.734,145.001,0.0,0.446,,,,,,,,,,,,,,,,,,,,,,,,,,,,,,,18275704.0,,21.7,,2.577,,,376.264,,,,70.598,1.5,72.7,0.567,,,,
116977,TWN,Asia,Taiwan,2021-11-12,16475.0,10.0,5.429,848.0,0.0,0.143,690.631,0.419,0.228,35.548,0.0,0.006,,,,,,,,,,,,,,,,,,,27479599.0,17808765.0,9670834.0,,269334.0,199907.0,115.19,74.65,40.54,,8380.0,30.56,23855008.0,,42.2,,8.353,,,103.957,,,,,,80.46,,,,,
117538,TJK,Asia,Tajikistan,2021-11-12,17488.0,0.0,0.286,125.0,0.0,0.0,1793.71,0.0,0.029,12.821,0.0,0.0,,,,,,,,,,,,,,,,,,,,,,,,,,,,,,,9749625.0,64.281,23.3,3.466,2.155,2896.913,4.8,427.698,7.11,,,72.704,4.8,71.1,0.668,,,,
118145,TZA,Africa,Tanzania,2021-11-12,26196.0,0.0,0.0,725.0,0.0,0.0,425.962,0.0,0.0,11.789,0.0,0.0,,,,,,,,,,,,,,,,,,,,,,,,,,,,,,,61498438.0,64.699,17.7,3.108,1.874,2683.304,49.1,217.288,5.75,3.3,26.7,47.953,0.7,65.46,0.529,,,,
118824,THA,Asia,Thailand,2021-11-12,2004274.0,7305.0,6319.286,19934.0,51.0,46.143,28652.606,104.43,90.339,284.972,0.729,0.66,,,,,,,,,,,,,,,,,,,83320621.0,44809613.0,35800674.0,2710334.0,788090.0,666357.0,119.11,64.06,51.18,3.87,9526.0,,69950844.0,135.132,40.1,11.373,6.89,16277.671,0.1,109.861,7.04,1.9,38.8,90.67,2.1,77.15,0.777,,,,
119425,TLS,Asia,Timor,2021-11-12,19809.0,0.0,2.0,122.0,0.0,0.0,14740.21,0.0,1.488,90.782,0.0,0.0,,,,,,,,,,,,,,,,,,,,,,,,,,,,,,,1343875.0,87.176,18.0,3.556,1.897,6570.102,30.3,335.346,6.86,6.3,78.1,28.178,5.9,69.5,0.606,,,,
120044,TGO,Africa,Togo,2021-11-12,26133.0,0.0,3.714,243.0,0.0,0.0,3082.361,0.0,0.438,28.662,0.0,0.0,,,,,,,,,,,,,,,,,,,,,,,,,,,,,,,8478242.0,143.366,19.4,2.839,1.525,1429.813,49.2,280.033,6.15,0.9,14.2,10.475,0.7,61.04,0.515,,,,
120365,TON,Oceania,Tonga,2021-11-12,1.0,0.0,0.0,,,0.0,9.367,0.0,0.0,,,0.0,,,,,,,,,,,,,,,,,,,,,,,,,,,,,,,106759.0,150.028,22.3,5.82,4.032,5425.621,,227.49,15.42,11.8,44.4,,2.6,70.91,0.725,,,,
120974,TTO,North America,Trinidad and Tobago,2021-11-12,61519.0,535.0,419.714,1828.0,10.0,10.714,43836.497,381.224,299.075,1302.575,7.126,7.635,,,,,,,,,,,,,,,,,,,1255986.0,630965.0,625021.0,,2636.0,2757.0,89.5,44.96,44.54,,1965.0,,1403374.0,266.886,36.2,10.014,5.819,28763.071,,228.467,10.97,,,89.443,3.0,73.51,0.796,,,,
121593,TUN,Africa,Tunisia,2021-11-12,715571.0,82.0,357.143,25306.0,8.0,6.429,59951.839,6.87,29.922,2120.183,0.67,0.539,,,,,,,,,,,,,,,,,,,,,,,,,,,,,,,11935764.0,74.228,32.7,8.001,5.075,10849.297,2.0,318.991,8.52,1.1,65.8,78.687,2.3,76.7,0.74,,,,
122205,TUR,Asia,Turkey,2021-11-12,8365929.0,23637.0,26722.571,73127.0,217.0,200.429,98373.234,277.943,314.225,859.885,2.552,2.357,,,,,,,,,,,,,,,,,,,118219170.0,55793328.0,49554129.0,12871713.0,189268.0,142250.0,139.01,65.61,58.27,15.14,1673.0,,85042736.0,104.914,31.6,8.153,5.061,25129.341,0.2,171.285,12.13,14.1,41.1,,2.81,77.69,0.82,,,,
123469,UGA,Africa,Uganda,2021-11-12,126833.0,70.0,60.857,3236.0,2.0,1.714,2691.5,1.485,1.291,68.671,0.042,0.036,,,,,,,,,,,,,,,,,,,,,,,,,,,,,,,47123533.0,213.759,16.4,2.168,1.308,1697.707,41.6,213.333,2.5,3.4,16.7,21.222,0.5,63.37,0.544,,,,
124089,UKR,Europe,Ukraine,2021-11-12,3328934.0,25240.0,22101.571,80330.0,782.0,712.0,76585.631,580.673,508.47,1848.076,17.991,16.38,,,,,,,,,,61714.0,15128821.0,348.054,1.42,56856.0,1.308,,,tests performed,20708263.0,12121802.0,8607141.0,,299854.0,225774.0,47.64,27.89,19.8,,5194.0,,43466822.0,77.39,41.4,16.462,11.133,7894.393,0.1,539.849,7.11,13.5,47.4,,8.8,72.06,0.779,,,,
124743,ARE,Asia,United Arab Emirates,2021-11-12,740801.0,72.0,73.143,2142.0,0.0,0.571,74146.216,7.206,7.321,214.391,0.0,0.057,,,,,,,,,,264815.0,96405654.0,9649.17,26.505,261988.0,26.222,,,tests performed,21477305.0,9781743.0,8812470.0,2883092.0,42818.0,28896.0,214.96,97.9,88.2,28.86,2892.0,,9991083.0,112.442,34.0,1.144,0.526,67293.483,,317.84,17.26,1.2,37.4,,1.2,77.97,0.89,,,,
125395,GBR,Europe,United Kingdom,2021-11-12,9534544.0,39149.0,35418.0,143116.0,145.0,156.714,139788.117,573.972,519.271,2098.256,2.126,2.298,,,,,,,,,,,,,,,,,,,,,,,,,,,,,,41.2,68207114.0,272.898,40.8,18.517,12.527,39753.244,0.2,122.137,4.28,20.0,24.7,,2.54,81.32,0.932,,,,
126056,USA,North America,United States,2021-11-12,46991304.0,139775.0,79253.429,762520.0,2483.0,1149.571,141151.025,419.852,238.059,2290.434,7.458,3.453,,,,,,,,,,,,,,,,,,,437352000.0,225606197.0,193291357.0,27609592.0,0.0,624514.0,130.04,67.08,57.47,8.21,1857.0,,332915074.0,35.608,38.3,15.413,9.732,54225.446,1.2,151.089,10.79,19.1,24.6,,2.77,78.86,0.926,,,,
127327,URY,South America,Uruguay,2021-11-12,396175.0,211.0,180.143,6099.0,2.0,2.143,113675.099,60.543,51.689,1749.995,0.574,0.615,,,,,,,,,,,,,,,,,,,6694483.0,2771747.0,2634358.0,1288378.0,11821.0,5568.0,192.09,79.53,75.59,36.97,1598.0,,3485152.0,19.751,35.6,14.655,10.361,20551.409,0.1,160.708,6.93,14.0,19.9,,2.8,77.91,0.817,,,,
127935,UZB,Asia,Uzbekistan,2021-11-12,189186.0,294.0,257.857,1351.0,2.0,2.429,5574.826,8.663,7.598,39.811,0.059,0.072,,,,,,,,,,,,,,,,,,,29136572.0,15199786.0,,,315089.0,264230.0,85.86,44.79,,,7786.0,,33935765.0,76.134,28.2,4.469,2.873,6253.104,,724.417,7.57,1.3,24.7,,4.0,71.72,0.72,,,,
128303,VUT,Oceania,Vanuatu,2021-11-12,6.0,0.0,0.0,1.0,0.0,0.0,19.08,0.0,0.0,3.18,0.0,0.0,,,,,,,,,,,,,,,,,,,,,,,,,,,,,,,314464.0,22.662,23.1,4.394,2.62,2921.909,13.2,546.3,12.02,2.8,34.5,25.209,,70.47,0.609,,,,
128920,VAT,Europe,Vatican,2021-11-12,27.0,0.0,0.0,,,0.0,33251.232,0.0,0.0,,,0.0,,,,,,,,,,,,,,,,,,,,,,,,,,,,,,,812.0,,,,,,,,,,,,,75.12,,,,,
129529,VEN,South America,Venezuela,2021-11-12,417998.0,1808.0,917.714,5010.0,14.0,9.143,14561.88,62.986,31.971,174.534,0.488,0.319,,,,,,,,,,,,,,,,,,,,,,,,,,,,,,,28704947.0,36.253,29.0,6.614,3.915,16745.022,,204.85,6.47,,,,0.8,72.06,0.711,,,,
130189,VNM,Asia,Vietnam,2021-11-12,1009879.0,8982.0,8047.429,22930.0,81.0,74.0,10287.166,91.495,81.975,233.577,0.825,0.754,,,,,,,,,,,,,,,,,,,,,,,,,,,,,,,98168829.0,308.127,32.6,7.15,4.718,6171.884,2.0,245.465,6.0,1.0,45.9,85.847,2.6,75.4,0.704,,,,
131663,YEM,Asia,Yemen,2021-11-12,9912.0,5.0,9.857,1921.0,1.0,2.286,325.083,0.164,0.323,63.003,0.033,0.075,,,,,,,,,,,,,,,,,,,,,,,,,,,,,,,30490639.0,53.508,20.3,2.922,1.583,1479.147,18.8,495.003,5.35,7.6,29.2,49.542,0.7,66.12,0.47,,,,
132268,ZMB,Africa,Zambia,2021-11-12,209963.0,10.0,15.857,3664.0,0.0,0.286,11097.025,0.529,0.838,193.651,0.0,0.015,,,,,,,,,,,,,,,,,,,,,,,,,,,,,,,18920657.0,22.995,17.7,2.48,1.542,3689.251,57.5,234.499,3.94,3.1,24.7,13.938,2.0,63.89,0.584,,,,
132871,ZWE,Africa,Zimbabwe,2021-11-12,133329.0,0.0,31.0,4694.0,0.0,1.286,8834.315,0.0,2.054,311.022,0.0,0.085,,,,,,,,,,,,,,,,,,,6130358.0,3443813.0,2686545.0,,28680.0,20000.0,40.62,22.82,17.8,,1325.0,,15092171.0,42.729,19.6,2.822,1.882,1899.775,21.4,307.846,1.82,1.6,30.7,36.791,1.7,61.49,0.571,,,,
